,cluster_id,Restaurant Name,main_cuisine,Negative Sentiment,Positive Sentiment,Address
0,5,Bithy's Kitchen,Snacks,8.0,12.0,"Ba 2/2, Latif Kingdom, South Badda Road, Hatir Jheel (Behind Police Plaza Round Circle), Dhaka, 1212 Dhaka"
1,3,Shaad Kitchen,Bangladeshi,8.0,12.0,"Dhaka, Bangladesh"
2,4,Oh My Rolls (Picnic),Fast Food,2.0,18.0,"House 22, Road 13C, Block E, Banani, 1213 Dhaka"
3,3,Khichuri & Bhorta Bilash - Mirpur,Bangladeshi,7.0,13.0,"Dhaka, Bangladesh"
4,4,Cox's Bazar Chotpoti House,Fast Food,11.0,9.0,"House 37/ Road 3/ Block B/ Rampura, Banasree, 1219 Dhaka"
5,5,Coffee Lime,Beverage,5.0,15.0,"361/1 Old Elephant Road, SJ Jahanara imami Sarani Dhaka-1205, 1205 Dhaka"
6,3,Bhojon Roshik,Bangladeshi,20.0,0.0,"House 67/A , Dhaka Kustia Highway Road . Bus Malik Somiti Office , Boropull , Rajbari -7700, 7700 Rajbari"
7,3,Khanapina Restaurant,Bangladeshi,1.0,19.0,"Opposite of Eastern Yakub Plaza, Dhaka - Comilla - Chittagong Bypass Rd, Cumilla 3500, 3500 Comilla"
8,5,Khandaan's Kitchen,Chinese,18.0,2.0,"8/20 Salimullah Road.Mohammadpur.Dhaka-1207 1216 Dhaka, Dhaka Division, Bangladesh"
9,5,Green Garden Food & Kebab Mini Chinese,Chinese,7.0,13.0,"10/B,Avenue#1/25,Benaroshi polli,Mirpur,Dhaka, 1216 Dhaka"
10,3,The Dining Table,Bangladeshi,15.0,5.0,"Dhaka, Bangladesh"
11,5,Sushi Tei,Japanese,4.0,16.0,"House: 21, Road: 112, Gulshan 2, 1212 Dhaka"
12,3,Nazma's Kitchen,Bangladeshi,10.0,10.0,"Dhaka, Bangladesh"
13,5,Fuchka Bhai,Snacks,16.0,4.0,"Road # 46, Opposite to Landmark Tower, Gulshan 2, 1212 Dhaka"
14,4,Crunch-  Mirpur,Fast Food,4.0,16.0,"Signature Food Court 3 no Sujat Nagar, Sultan Mansion (Lift 8) Mirpur 12., 1216 Dhaka"
15,5,Halal Ghor BD - pandago,Dessert,20.0,0.0,"Dhaka, Bangladesh"
16,4,Pizza Burg - Banasree,Fast Food,15.0,5.0,"House: 23, Road: 5, Block: D, Banasree, 1219 Dhaka"
17,5,Pizzasthan,Italian,12.0,8.0,"Dhanmondi 32(sector 3), road 12/a, Dhanmondi lake,Dhaka, 1209 Dhaka"
18,5,Fish Fish,Seafood,8.0,12.0,"Dhaka, Bangladesh"
19,4,Golli.com,Fast Food,10.0,10.0,"Dhaka, Bangladesh"
20,5,Munmun's Kitchen,Asian,19.0,1.0,"1st floor,35/2 kazi nazrul islam avenue ,dhaka 1205, 1205 Dhaka"
21,3,Starbelly,Bangladeshi,7.0,13.0,"Dhaka, Bangladesh"
22,3,Allah'r Daan Biriyani House Shonkor,Bangladeshi,18.0,2.0,"236/1A Mawla Bari Pathshala Goli,Rayer Bazar., 1209 Dhaka"
23,7,Kapara Kafe,Indian,6.0,14.0,"House-88,Road-13/A,Block D,Banani,Dhaka-1213, 1213 Dhaka"
24,5,Lulu's Fryhouse,Fried Chicken,15.0,5.0,"Gulshan-2 1212 Dhaka, Dhaka Division, Bangladesh"
25,3,Ayaat's Kitchen,Bangladeshi,5.0,15.0,"House 8, Road 11, gudaraghat, Middle Badda Badda Dhaka, 1212 Dhaka"
26,5,Food Palace,Snacks,17.0,3.0,"House No. SWF 4/A, Road No. 1, Gulshan 1 (Northern Gate of Dr. Fazle Rabbi Park & Near to Niketon Gate 1), Dhaka, 1212 Dhaka"
27,4,Mr. Gosto,Fast Food,20.0,0.0,"ECB Chattar Bus Stand, Dhaka, 1216 Dhaka"
28,5,Hokar - pandago,Dessert,14.0,6.0,"Dhaka, Bangladesh"
29,4,Pizza & Burger,Fast Food,20.0,0.0,"Dhaka, Bangladesh"
30,4,Hungry Pizza Lovers,Fast Food,6.0,14.0,"house 22, read 13c , block E, Banani, near by Turkish bazaar restaurant and pinewood Café., 1212 Dhaka"
31,5,The Chocolate Room- Gulshan 2,Dessert,1.0,19.0,"1st Floor, Plot-2A, Block NW (H), Nasrin Casabella, Gulshan North Avenue, Gulshan-2, 1212 Dhaka"
32,5,Jaber Plus Hot Cake,Dessert,1.0,19.0,"Block # D, Section # 11, Line # 27, House # 28, Mirpur,(opposite Faysal.s Hot Cake), 1216 Dhaka"
33,5,Purple Patisserie,Cakes & Bakery,3.0,17.0,"Dhaka, Bangladesh"
34,5,Pizza Bari,Italian,3.0,17.0,"Dhaka, Bangladesh"
35,3,Bismillah Hotel Restaurant & Kabab Ghar,Bangladeshi,11.0,9.0,"7/1 main road Mohammadia housing scociety Mohammadpur, 1207 Dhaka"
36,3,Bhaat Ghor - Bashundhara,Bangladeshi,14.0,6.0,"House No. 3/5, Topkhana Road, Segun Bagicha, Dhaka, 1000 Dhaka"
37,4,Patty Boyz,Fast Food,2.0,18.0,"25/24, Block-C, Tajmahal road, Near Tung Tang Restaurant, Mohammadpur, Dhaka 1207, 1207 Dhaka"
38,4,Hot & Shot,Fast Food,3.0,17.0,"Dhaka, Bangladesh"
39,7,Bhai Indian Dosa ,Indian,3.0,17.0,"74/B/1, R H Home Centre, Farmgate Green Road, Dhaka-1215, 1215 Dhaka"
40,7,Hawlader Biriyani House,Indian,7.0,13.0,"Road 1, plot no:11, Backside of Shah Ali Plaza Market, Mirpur 10, Dhaka, 1216 Dhaka"
41,5,Lily's Secret Recipe,Snacks,16.0,4.0,"4th Floor ,House#103 , Road-12, Block-F, Bashundhara- R/A, 1229 Dhaka"
42,3,Pallabi Kitchen House,Bangladeshi,2.0,18.0,"Road -9,House-01,Black -c, Pallabi, mirpur -12 ( old pallbi thana), 1216 Dhaka"
43,3,Bhojon Bilash,Bangladeshi,6.0,14.0,"Shop#64, 2nd floor, DNCC Kacha Bazar, Close to Gulshan Masjid, Gulshan 2, 1212 Dhaka"
44,4,MasterÃ¢â‚¬â„¢s Cafe & Juice Bar,Fast Food,,,
45,5,Treat Mini Chinese & Restaurant,Asian,12.0,8.0,"Dhaka, Bangladesh"
46,4,Burger Hut BD,Fast Food,3.0,17.0,"Dhaka, Bangladesh"
47,2,Pizza Inn - Gulshan,Pizza,11.0,9.0,"House-76, Road-127, Gulshan Ave, Dhaka 1212, 1212 Dhaka"
48,3,Best Home Kitchen Food,Bangladeshi,1.0,19.0,"Dhaka, Bangladesh"
49,4,Pimentos,Fast Food,12.0,8.0,"House-90 Rd No.17A, Dhaka 1213, 1213 Dhaka"
50,5,Smith's Pizza,Italian,2.0,18.0,"Dhaka, Bangladesh"
51,3,Kiki's Artisan Bites-Homemade,Bangladeshi,15.0,5.0,"Dhaka, Bangladesh"
52,5,Iqra Thai & Chinese Restaurant,Chinese,14.0,6.0,"586 Shewrapara.Rokeya Sorani.Mirpur. Dhaka 1216, 1216 Dhaka"
53,5,Celebrate Cafe & Restaurant,Asian,1.0,19.0,"House # 191, Road # 10, Block # B, Sec # 12, Pallabi, Mirpur, Dhaka, 1216 Dhaka"
54,4,Crown Cafe,Fast Food,2.0,18.0,"10th floor, safura food village, Safura trade city, 1 Sujat Nagar (Aarong building), Pallabi, Mirpur-12,Dhaka-1216., 1216 Dhaka"
55,5,Bluebird Restaurant and Party Centre,Chinese,6.0,14.0,"House-99, Mili Super Tower 2, Beside Dutch-Bangla ATM Booth, Ashkona, Dakkhinkhan, 1230 Dhaka"
56,2,Pizza Garage-Panthapath,Pizza,1.0,19.0,"57/14, East Raja Bazar, Panthapath, Dhaka-1205, 1205 Dhaka"
57,4,Foodox,Fast Food,5.0,15.0,"Dhaka, Bangladesh"
58,5,Krua Thai,Thai,12.0,8.0,"Dhaka, Bangladesh"
59,4,Pasta Cloud,Fast Food,19.0,1.0,"Dhaka, Bangladesh"
60,5,Tuktuk,Japanese,7.0,13.0,"Road 71, House 4C, Gulshan North Ave, Gulshan 2, close to Pakistan High Commission, 1212 Dhaka"
61,5,B.J Cafe & Restaurant,Chinese,14.0,6.0,"B.J. Cafe & Restaurant...Party Center, Matikata Road, Cantonment, Dhaka, Dhaka, 1206 Dhaka"
62,5,Shahanaz's Kitchen,Snacks,16.0,4.0,"Dhaka, Bangladesh"
63,5,Meal Box,Rice Dishes,4.0,16.0,"House:G.p.go 20/8 Taha Monjil, Mohakhali, 1212 Dhaka"
64,5,Trofi,Snacks,14.0,6.0,"260 Malibagh, Concrite Sareng Tower, Oppesite of Kuheli Building, 1217 Dhaka"
65,5,Blend,Beverage,9.0,11.0,"Captains Avenue 55/1 siddeshwari road,(opposite of viqarunnisa school),Dhaka-1217., 1217 Dhaka"
66,5,Hashi's Kitchen,Snacks,5.0,15.0,"House-5/3 Quazi Tower South Badda close to ( sheesh kabab) Badda Dhaka-1212, 1212 Dhaka"
67,5,Cafe Darling,Snacks,5.0,15.0,"152/2A, Rowshan Tower,Panthapath, Dhaka-1205, 1205 Dhaka"
68,3,Bangali Khabar,Bangladeshi,13.0,7.0,"Dhaka, Bangladesh"
69,5,Juice Hub,Juice Corner,19.0,1.0,"House-488 Abdus Sobhan Road Ground Zero Complex Basundhara Dhaka-1212, 1212 Dhaka"
70,4,Savor Food - Mirpur,Fast Food,18.0,2.0,"Dhaka, Bangladesh"
71,4,OFC,Fast Food,2.0,18.0,"Dhaka, Bangladesh"
72,5,InterContinental Dhaka,Chinese,7.0,13.0,"1 Minto Road , GPO Box 504 , Dhaka ,1000, Bangladesh, 1000 Dhaka"
73,3,Monalisa Kitchen & Dessert,Bangladeshi,7.0,13.0,"Dhaka, Bangladesh"
74,4,The Decaf,Fast Food,10.0,10.0,"Dhaka, Bangladesh"
75,5,Sushi Season,Japanese,5.0,15.0,"House: Kha/67, Santi Society, Gulshan- 2, Dhaka- 1212., 1212 Dhaka"
76,3,Shokher Rannaghor,Bangladeshi,3.0,17.0,"Dhaka, Bangladesh"
77,9,Faizane Madina Biryani House - Boba Biryani,Biryani,3.0,17.0,"Geneva camp 1st Gate, Mohammadpur, Dhaka 1207, 1207 Dhaka"
78,3,Delicious Meals,Bangladeshi,17.0,3.0,"Dhaka, Bangladesh"
79,3,Allah'ar Daan Biryani House ,Bangladeshi,13.0,7.0,"8 no Mosjid Market, New Market Kachabazar, 1205 Dhaka"
80,5,Frangos,Snacks,17.0,3.0,"HB Tower, 1st Floor, House-1/A, Road-23, Gulshan-1, Dhaka - 1212, 1212 Dhaka"
81,5,HabibyÃ¢â‚¬â„¢s Mohammadpur,Asian,,,
82,5,Taqwa Food,Dessert,2.0,18.0,"Dhaka, Bangladesh"
83,4,Pizza Monk,Fast Food,9.0,11.0,"Dhaka, Bangladesh"
84,5,Meher Cafe Roof Top,Snacks,16.0,4.0,"House-08, Road, 09 ????#??, Dhaka 1219, 1219 Dhaka"
85,4,The Kitchen Aroma,Fast Food,18.0,2.0,"Dhaka, Bangladesh"
86,3,Hansa Kitchen,Bangladeshi,8.0,12.0,"Dhaka, Bangladesh"
87,3,Halima's Kitchen & Catering,Bangladeshi,2.0,18.0,"178 Tetultola road, house 12, Road 1, north badda, 1212 Dhaka"
88,5,The Courtyard Bazaar,International,18.0,2.0,"House No. 21, Road No.112, Gulshan - 2 Dhaka, 1212 Dhaka"
89,3,Allahar Daan Biriyani - New Circular Road,Bangladeshi,14.0,6.0,"93/A, New Circular Road (Close to Mouchak Market), Mouchak, Dhaka - 1217., 1217 Dhaka"
90,5,Terraco,Cafe,4.0,16.0,"Dhaka, Bangladesh"
91,3,Annisha's Kitchen,Bangladeshi,20.0,0.0,"Dhaka, Bangladesh"
92,5,Cafe Al Mamun,Chinese,15.0,5.0,"Dhaka, Bangladesh"
93,4,Pizza Paradise,Fast Food,4.0,16.0,"House # 08, Road # 25 Block # A, Section 10 Dhaka 1216., 1216 Dhaka"
94,3,Spice Cafe,Bangladeshi,7.0,13.0,"Dhaka, Bangladesh"
95,3,Kalai Kuthir - Ring Road,Bangladeshi,19.0,1.0,"Dhaka, Bangladesh"
96,4,Spicy Park,Fast Food,14.0,6.0,"Dhaka, Bangladesh"
97,4,BaTaTis,Fast Food,8.0,12.0,"Dhaka, Bangladesh"
98,4,Halal Food- Mirpur 10,Fast Food,10.0,10.0,"Dhaka, Bangladesh"
99,4,Smokeat,Fast Food,1.0,19.0,"Urban Void Food Court, Ka-9/A, Hazi Abdul Latif Mansion, Bashundhara Main Gate, 1229 Dhaka"
100,5,Griddle Cafe & Lounge,Cafe,17.0,3.0,"Dhaka, Bangladesh"
101,4,Hot One's,Fast Food,13.0,7.0,"Dhaka, Bangladesh"
102,5,Mayer Dua Fuska & Chotpoti House,Snacks,2.0,18.0,"House#02, Road#11 (Love Road), Block#H, Mirpur-02, 1216 Dhaka"
103,4,New Life Kitchen,Fast Food,3.0,17.0,"Dhaka, Bangladesh"
104,3,Binti's Kitchen,Bangladeshi,12.0,8.0,"Ba 2/2, Latif Kingdom, South Badda Road, Hatir Jheel (Behind Police Plaza Round Circle), Dhaka, 1212 Dhaka"
105,4,DAMN! Burger,Fast Food,5.0,15.0,"House#9, Road#5, Block#A, Section#10, Pallabi, Mirpur,Dhaka 1216, 1216 Dhaka"
106,4,Haque Bakery & Sweets - Shahjadpur,Fast Food,19.0,1.0,"Khil Bari Tech Road,?????????, ??? ????? ???? ??? ?? ?????? ( Opposite side of confidence tower), 1212 Dhaka"
107,3,Awesome Fuchka Bazar,Bangladeshi,14.0,6.0,"Old A - Section#12 Mirpur Cantonment Pablik School and Colleges Road, Mirpur, Dhaka-1216., 1216 Dhaka"
108,3,Radhunir Ranna,Bangladeshi,6.0,14.0,"House-918 Road-14 Adabor Mohammadpur Dhaka-1207, 1207 Dhaka"
109,4,Chicken Cheese,Fast Food,15.0,5.0,"Dhaka, Bangladesh"
110,4,Mahfuza's Kitchen - Mirpur,Fast Food,12.0,8.0,"Dhaka, Bangladesh"
111,5,Cafe Ullash,Snacks,19.0,1.0,"Dhaka, Bangladesh"
112,4,Charcoal,Fast Food,7.0,13.0,"239/1 South Pirerbag, Pabna Goli, Beside Camden Town Food Club, Kamal Soroni Road, 1216 Dhaka"
113,4,Most Wanted Burger,Fast Food,4.0,16.0,"Dhaka, Bangladesh"
114,5,Friendship Chotpoti & Fuchka,Snacks,2.0,18.0,"Dhaka, Bangladesh"
115,3,Teheriwala -Banani,Bangladeshi,20.0,0.0,"29 Kemal Ataturk Avenue, Road - 17, BTA Tower, Banani, 1213 Dhaka"
116,4,Euro Food,Fast Food,20.0,0.0,"Dhaka, Bangladesh"
117,4,Cheez Berg,Fast Food,15.0,5.0,"Dhaka, Bangladesh"
118,4,Cafe Leziz,Fast Food,19.0,1.0,"Dhaka, Bangladesh"
119,3,Bismillah Bangla Ghorua  Restaurant,Bangladeshi,7.0,13.0,"Dhaka, Bangladesh"
120,4,Food Burger House- Mirpur,Fast Food,18.0,2.0,"Dhaka, Bangladesh"
121,5,Chayer Mela & Juice Bar,Juice Corner,16.0,4.0,"Dhaka, Bangladesh"
122,5,7 Star Cake House,Dessert,9.0,11.0,"377/A Chapra Mosjid ( Dondew school road ) Pirerbagh, 60 feet Dhaka, Mirpur 2, 1216 Dhaka"
123,4,Darjeeling Momo Station Bangladesh,Fast Food,11.0,9.0,"6/A, Road No- Avenue 02,Block-F, Section-02, Mirpur Dhaka (Besides Raja Mamar Cha), 1216 Dhaka"
124,5,Asian Express,Asian,13.0,7.0,"Mohakhali DOHS, 1212 Dhaka"
125,4,Friends & Fries,Fast Food,6.0,14.0,"Dhaka, Bangladesh"
126,4,Asian Kebab Chinese And Fast Food,Fast Food,6.0,14.0,"Dhaka, Bangladesh"
127,5,OMG Foods - Gulshan,Dessert,12.0,8.0,"Dhaka, Bangladesh"
128,3,Baba Hotel & Restaurant,Bangladeshi,13.0,7.0,"Dhaka, Bangladesh"
129,3,Jannat's Kitchen,Bangladeshi,9.0,11.0,"Dhaka, Bangladesh"
130,4,Chef 24,Fast Food,15.0,5.0,"Ground Floor, 396/A (Harun Mansion), Uttara Bank Goli, North Shahjahanpur,, 1217 Dhaka"
131,3,Tiffin Box ,Bangladeshi,7.0,13.0,"Banani Road – 13/A , Block – C House – 88, 1213 Dhaka"
132,4,Mafia,Fast Food,10.0,10.0,"Dhaka, Bangladesh"
133,3,Choi Jhal Dhanmondi,Bangladeshi,17.0,3.0,"House # 285 ,Diamond Hotel Building 1st floor Road 8/A, Keari plazar pasher Goli, Dhaka, 1205 Dhaka"
134,5,Classic Sweets - Gulshan,Dessert,19.0,1.0,"57-B Gulshan shopping center, Gulshan - 1. Besides Bread & Beyond.Beside of Rajuk Commercial Complex Cum Car Parking Bhaban, 1212 Dhaka"
135,4,Cheese Factory - Mohammadpur,Fast Food,5.0,15.0,"House: 29, Road: 6, Block: B, Nobodoy Housing, Main Road, Near Beribadh, Adabor, Mohammadpur 1207 Dhaka, 1207 Dhaka"
136,3,Nurjahan's Kitchen,Bangladeshi,1.0,19.0,"H-3, R-11, mohammadi housing society, Dhaka-1207, 1207 Dhaka"
137,3,Khan's Kitchen,Bangladeshi,14.0,6.0,"Dhaka, Bangladesh"
138,5,LAZIZ,Kebab,2.0,18.0,"DHALI FOOD COURT, TENEMENT ROAD, BASHUNDHARA R/A, 1229 Dhaka"
139,5,Instant Cake,Dessert,14.0,6.0,"Dhaka, Bangladesh"
140,4,Shamima Omar's Home Kitchen,Fast Food,16.0,4.0,"Dhaka, Bangladesh"
141,4,Burger Madness,Fast Food,8.0,12.0,"Dhaka, Bangladesh"
142,3,Samaira's Kitchen,Bangladeshi,5.0,15.0,"Dhaka, Bangladesh"
143,4,SS Kebab Factory,Fast Food,16.0,4.0,"Dhaka, Bangladesh"
144,4,Akbar Foods,Fast Food,1.0,19.0,"Dhaka, Bangladesh"
145,4,Tawaf Mini Restaurant,Fast Food,12.0,8.0,"Dhaka, Bangladesh"
146,5,Taste of Lanka,International,19.0,1.0,"Dhaka, Bangladesh"
147,3,Bhorta Ghor- Badda,Bangladeshi,12.0,8.0,"Dhaka, Bangladesh"
148,3,Sadiq's Asian Kitchen,Bangladeshi,6.0,14.0,"Dhaka, Bangladesh"
149,5,Waffle Bee,Dessert,12.0,8.0,"House 2, Road 14, Block D, Mirpur 6., 1216 Dhaka"
150,3,Rokhsana's Cooking World,Bangladeshi,6.0,14.0,"Dhaka, Bangladesh"
151,4,Cafe Al-Bike,Fast Food,13.0,7.0,"(Close to Kalapata Restaurant) 135/5, Somaj Kallan Mor, 60 feet, 1216 Dhaka"
152,5,Prolog,Beverage,14.0,6.0,"Shop 5A-016, Level 5, Zone A, Jamuna Future Park, Pragati Shoroni, 1229 Dhaka"
153,5,Little Havana,Snacks,10.0,10.0,"Dhaka, Bangladesh"
154,3,Mori Express By Shahjalal Snacks,Bangladeshi,9.0,11.0,"152/1 Sabamoon Tower,Green Road ,panthapoth more.Dhaka -1205, 1205 Dhaka"
155,4,In Wrap - Gulshan,Fast Food,8.0,12.0,"Dhaka, Bangladesh"
156,3,Susmita's Cooking,Bangladeshi,8.0,12.0,"Dhaka, Bangladesh"
157,3,TaniaÃ¢â‚¬â„¢s Kitchen,Bangladeshi,,,
158,5,Tandra's Ranna Ghor,Snacks,8.0,12.0,"Dhaka, Bangladesh"
159,2,Italian Pizza Bar,Pizza,4.0,16.0,"House# 8, Road# 5 Prodhan shorok, Block -A, Nobodoy Housing Society Mohammadpur, Dhaka (Nobodoy Housing Society Jame Masjid), 1207 Dhaka"
160,3,Ghorwa Kitchen,Bangladeshi,13.0,7.0,"Dhaka, Bangladesh"
161,5,Chinese Recipe - Bashtola Delivery (pandago),Chinese,18.0,2.0,"House: 360, 2nd floor, Near Raihan Jame Mosque, Mohila members bari, Baridhara J Block, Dhaka-1212, 1212 Dhaka"
162,4,Pizza Lover,Fast Food,15.0,5.0,"House No. 67/1, Opposite of Square Building, Gojob Nabi Road, Bil Par, Wireless, 1213 Dhaka"
163,5,Cilantro - Gulshan,Mexican,13.0,7.0,"Gulshan Centre Point,Unimart-Level-2 House# 23-26, Road#90-91 Gulshan-2, 1212 Dhaka"
164,3,Suma's Kitchen,Bangladeshi,17.0,3.0,"178 tetultola road, house 13, road 1, north badda, dhaka 1212. Shori Member Home, Tetultola Road, 1212 Dhaka"
165,3,Samia'r Heshel,Bangladeshi,13.0,7.0,"Banani DOHS - Western Road , House 31 , Flat - 6b , Opposite of Banani DOHS Community Center., 1213 Dhaka"
166,3,Shadhin Restaurant,Bangladeshi,4.0,16.0,"2/GA/1, Nabab Habibullah Road, Dhaka (Near PG Hospital), 1211 Dhaka"
167,3,Al-Modina Bangla Khabar Hotel & Restaurant,Bangladeshi,16.0,4.0,"256,DIT road, West Rampura, Dhaka 1219, 1219 Dhaka"
168,4,Metro Kitchen,Fast Food,5.0,15.0,"Dhaka, Bangladesh"
169,4,Food Burger House - Shahjadpur,Fast Food,18.0,2.0,"Ga-31 Shahjadpur Gulshan close to Cambrian College Dhaka-1212, 1212 Dhaka"
170,5,Six Season Chinese Restaurant,Chinese,8.0,12.0,"Road # 27/K, House # 1, Rupnagar, R/A More, Near (Medinet Medical Services Limited), Mirpur, 1216 Dhaka"
171,5,Sweety's Fresh Homemade Food,Snacks,16.0,4.0,"Dhaka, Bangladesh"
172,5,Bluelime,Beverage,2.0,18.0,"R955+F4,11 Rupnagar Rd, Dhaka 1216, 1216 Dhaka"
173,4,Encantos,Fast Food,1.0,19.0,"Shop no 111, level 03, Haji kujrot ali mollah super market, 1no harunabad, mirpur 12, Dhaka-1216., 1216 Dhaka"
174,4,Sakhora Pizza & Burger,Fast Food,3.0,17.0,"Z/16 Tajmahal Road, Mohammadpur, 1207 Dhaka"
175,5,Fire Club Pizza,Italian,4.0,16.0,"Dhaka, Bangladesh"
176,4,American Fried Chicken (AFC),Fast Food,13.0,7.0,"House #27, Road #08, Block #B, Section #13, (Opposite Side of 13 No Masjid Market), Mirpur, 1216 Dhaka"
177,5,Khabarer Adda,Rice Dishes,14.0,6.0,"Dhaka, Bangladesh"
178,3,Nasima's Kitchen,Bangladeshi,13.0,7.0,"10/C, Flat-4/B, Diluroad, New Eskaton, 1000 Dhaka"
179,3,Shilpa's Kitchen-Pallabi,Bangladeshi,13.0,7.0,"Dhaka, Bangladesh"
180,4,Make N Take,Fast Food,6.0,14.0,"Dhaka, Bangladesh"
181,5,Hot Pot,Snacks,11.0,9.0,"Dhaka, Bangladesh"
182,3,Ghoroa Khabar,Bangladeshi,13.0,7.0,"Dhaka, Bangladesh"
183,3,Khudalagse Kitchen,Bangladeshi,19.0,1.0,"Dhaka, Bangladesh"
184,4,Narrow's Kitchen,Fast Food,8.0,12.0,"Dhaka, Bangladesh"
185,4,Ddallass,Fast Food,15.0,5.0,"Dhaka, Bangladesh"
186,3,Abesh Hotel & Biryani House Delivery - Mirpur 2 (pandago),Bangladeshi,8.0,12.0,"House No-2, Road-2,Block- E, Section- 2, Mirpur, 1216 Dhaka"
187,3,Mahmuda Ranna Ghor - Mirpur,Bangladeshi,15.0,5.0,"Dhaka, Bangladesh"
188,3,Family Kitchen,Bangladeshi,3.0,17.0,"Dhaka, Bangladesh"
189,5,Ichi,Japanese,15.0,5.0,"House-32, Rd-11, Banani Block-G, Level 2, 1213 Dhaka"
190,3,Al Madina Biryani House - Mirpur,Bangladeshi,20.0,0.0,"House - 12,Road - 1,Sheyalbari mor,Rupnagar residential,Mirpur 2 Dhaka 1216, 1216 Dhaka"
191,5,Pizza Bake,Italian,16.0,4.0,"Dhaka, Bangladesh"
192,3,Taste Hub - Mirpur,Bangladeshi,20.0,0.0,"Dhaka, Bangladesh"
193,4,Food Lover,Fast Food,15.0,5.0,"Dhaka, Bangladesh"
194,5,Kingdom,Dessert,10.0,10.0,"Dhaka, Bangladesh"
195,3,Khana's - Rampura (Engaze AI) - pandago,Bangladeshi,11.0,9.0,"Dhaka, Bangladesh"
196,3,Sarowar Hotel,Bangladeshi,2.0,18.0,"Dhaka, Bangladesh"
197,4,Butlers Chocolate Cafe,Fast Food,20.0,0.0,"Dhaka, Bangladesh"
198,5,Lassi Villa,Beverage,10.0,10.0,"Dhaka, Bangladesh"
199,4,Pizza Town Cafe & Restaurant,Fast Food,17.0,3.0,"368/B Nazma Tower Taltola Khilgaon Dhaka-1219, 1219 Dhaka"
200,3,Allah'r Dan Fuchka House,Bangladeshi,13.0,7.0,"Dhaka, Bangladesh"
201,4,Holy Fries ,Fast Food,7.0,13.0,"223/1, -A, Malibagh, 1217 Dhaka"
202,3,Abida's Food Court,Bangladeshi,2.0,18.0,"Dhaka, Bangladesh"
203,4,Boom Burger Gulshan,Fast Food,10.0,10.0,"Dhaka, Bangladesh"
204,3,Appayon,Bangladeshi,19.0,1.0,"Dhaka, Bangladesh"
205,3,Tushty Kitchen,Bangladeshi,20.0,0.0,"Flat 4D, Surma Vaban, Road No - 05, Red Crescent Multiplan City, Zoo Road, Mirpur-1, 1216 Dhaka"
206,4,"The Dark, Music Cafe & Restaurant",Fast Food,12.0,8.0,"Dhaka, Bangladesh"
207,2,Pizza Nextddoor & Kaffeehaus,Pizza,12.0,8.0,"Dhaka, Bangladesh"
208,4,Chicken Bhai - Gulshan,Fast Food,13.0,7.0,"Dhaka, Bangladesh"
209,4,Thoreo's,Fast Food,13.0,7.0,"55/2, Matikata, Dhaka Cantonment , Dhaka, 1206 Dhaka"
210,5,Miss Momo,Dumpling,15.0,5.0,"Dhaka, Bangladesh"
211,4,Jasco,Fast Food,20.0,0.0,"Shop-11 Level-6 Fortune Shopping mall Malibagh Dhaka 1217, 1217 Dhaka"
212,5,King's Dine,Chinese,11.0,9.0,"House-16 ,Block-A ,Avenue-1 Sec-2 Mirpur, Dhaka, 1216 Dhaka"
213,5,Sadeeq Agro Ã¢â‚¬â€œ Shahi Khana,Rice Dishes,,,
214,3,Kacha Lanka Restaurant & Biryani House - Mirpur,Bangladeshi,10.0,10.0,"Mirpur DOHS, Gate Number 1, Near by Zaman Park., 1216 Dhaka"
215,4,Chacha Chicken Chotpoti,Fast Food,13.0,7.0,"Dhaka, Bangladesh"
216,4,Burfe,Fast Food,1.0,19.0,"Dhaka, Bangladesh"
217,7,Noyabari 16/2,Indian,18.0,2.0,"Dhaka, Bangladesh"
218,3,Bristy's Kitchen,Bangladeshi,10.0,10.0,"Dhaka, Bangladesh"
219,5,Ranna Banna,Snacks,1.0,19.0,"Dhaka, Bangladesh"
220,9,The Mughal Empire - Banasree,Biryani,7.0,13.0,"House-13, Block-B, Banasree Main Road, 1219 Dhaka"
221,3,Zaiqa,Bangladeshi,8.0,12.0,"Dhaka, Bangladesh"
222,3,Salma's Cooking,Bangladeshi,3.0,17.0,"Dhaka, Bangladesh"
223,5,Vojon Chuijhal & Kacchi,Rice Dishes,7.0,13.0,"Dhaka, Bangladesh"
224,4,Kustary Sultan - Mohammapur,Fast Food,9.0,11.0,"H.I. Khan Trade Centre, House: 23, 24, Block # D, Tajmahal Road, Mohammadpur, Dhaka 1207, 1207 Dhaka"
225,3,MonishaÃ¢â‚¬â„¢s Kitchen,Bangladeshi,,,
226,4,Sub Lover's - Mohakhali,Fast Food,5.0,15.0,"Level #03 ,Shop # 17,(SKS)Tower, Mohakhali-Railgate, Dhaka-1212, 1212 Dhaka"
227,4,Farzana's Kitchen,Fast Food,18.0,2.0,"Dhaka, Bangladesh"
228,5,American Burger Gulshan 2,Burgers,8.0,12.0,"Shop# 21, Road # 46, 1212 Dhaka"
229,5,Ice Berg,Juice Corner,8.0,12.0,"Dhaka, Bangladesh"
230,4,Big Bite - Sonargaon Road,Fast Food,16.0,4.0,"Hakim Centre, 22/B/2 Ground Floor Sonargaon Road, Dhaka 1205, 1205 Dhaka"
231,3,Hungry House,Bangladeshi,17.0,3.0,"Dhaka, Bangladesh"
232,4,Spice & Hot Kitchen,Fast Food,13.0,7.0,"Dhaka, Bangladesh"
233,5,Chows - Delivery- Banani (pandago),Chinese,7.0,13.0,"Hs 6, Rd 19A, Banani Block E, 1213 Dhaka"
234,4,Charleys,Fast Food,7.0,13.0,"Plot #27, Road #17, Banani C/A, Dhaka 1213, Sarina Hotel Bangladesh, 1213 Dhaka"
235,4,Tasteya,Fast Food,16.0,4.0,"25/24, block-C, in front of TUNG TANG restaurant , Tajmahal Road, Mohammadpur 1207, 1207 Dhaka"
236,4,Canteen - Picnic,Fast Food,11.0,9.0,"Dhaka, Bangladesh"
237,5,Chaap Wala,Kebab,10.0,10.0,"Dhaka, Bangladesh"
238,4,Relax Cafe & Food - Mirpur,Fast Food,16.0,4.0,"Dhaka, Bangladesh"
239,3,Food Bunker,Bangladeshi,5.0,15.0,"Dhaka, Bangladesh"
240,4,Big Boss Burger,Fast Food,11.0,9.0,"Dhaka, Bangladesh"
241,5,Foodani Fastfood & Restaurant,Beverage,6.0,14.0,"Dhaka, Bangladesh"
242,3,The Kebab Express,Bangladeshi,7.0,13.0,"Dhaka, Bangladesh"
243,3,Jessy's Cooking,Bangladeshi,5.0,15.0,"Dhaka, Bangladesh"
244,4,Fries & Co.,Fast Food,2.0,18.0,"Dhaka, Bangladesh"
245,5,Manobsheba,Asian,7.0,13.0,"Dhaka, Bangladesh"
246,3,Shopnil Restora - Panthapath,Bangladeshi,18.0,2.0,"20/5 West Panthapath, Cornel Rashid Square Near Square Hospital, Panthapath, 1209 Dhaka"
247,3,Khabar Ghor Restora,Bangladeshi,6.0,14.0,"Godhuli Market, Shiroil Bus Terminal, 6000 Rajshahi"
248,4,NOSH,Fast Food,10.0,10.0,"14, East Shewrapara, Near Monipur School,( Hatil er Goli), Mirpur, 1216 Dhaka"
249,3,Arju Biryani and Restaurant,Bangladeshi,5.0,15.0,"11 No Commercial Plot, Khilji Road, Shyamoli, 1207 Dhaka"
250,5,Xinxian Restaurant Dhanmondi,Chinese,10.0,10.0,"House no. 7, Road no. 8, Dhanmondi, 1205 Dhaka"
251,4,Multi Food Court (MFC),Fast Food,1.0,19.0,"House no-8,Motaleb Plaza ground floor,Poribag,Hatirpool, Dhaka - 1000, 1000 Dhaka"
252,5,Chinatown,Chinese,10.0,10.0,"Dhaka, Bangladesh"
253,4,Mohua's Kitchen,Fast Food,1.0,19.0,"Dhaka, Bangladesh"
254,5,Nabila's La Cucina,Italian,15.0,5.0,"Dhaka, Bangladesh"
255,4,Cowboy Pizza,Fast Food,4.0,16.0,"294/4 Wapda, Ulon link road, West Rampura, 1219 Dhaka"
256,5,Sel Nibash Hotel,Chinese,19.0,1.0,"Dhaka, Bangladesh"
257,5,New Grand Sultan Restaurant & Chinese,Chinese,6.0,14.0,"20-24, A.G.B. Colony Kacha Bazar, Motijheel, 1000 Dhaka"
258,4,Gorom Thanda,Fast Food,6.0,14.0,"Dhaka, Bangladesh"
259,5,Humble Crumble - Bashundhara,Juice Corner,9.0,11.0,"Humble crumble, 2nd floor, Rajbari Food Court, Bashundhara residential area, 1229 Dhaka"
260,4,Hungry Eye,Fast Food,7.0,13.0,"Dhaka, Bangladesh"
261,3,Shima Kitchen Home,Bangladeshi,13.0,7.0,"Dhaka, Bangladesh"
262,4,Doi Ghor,Fast Food,7.0,13.0,"Dhaka, Bangladesh"
263,5,Tania's Kitchen,Rice Dishes,2.0,18.0,"13a Avenue 3, House No-1, Lane No-13, Avenue-3, Block- A, Section-11, Mirpur, 1216 Dhaka"
264,5,Freeze & Frizzle,Beverage,5.0,15.0,"Dhaka, Bangladesh"
265,5,EATON,Chinese,15.0,5.0,"House 01, Road 07, Block H, South Banasree Main Road, Banasree, Dhaka 1219 IN front of Holly Cresent School & College, 1219 Dhaka"
266,5,Dhaka Dessert Shop,Cakes & Bakery,11.0,9.0,"81/5, Indira road , Tejgaon, Dhaka, 1215 Dhaka"
267,4,The Courtyard at Park Heights,Fast Food,3.0,17.0,"Bay's Park Heights, House 2, Road 9, Dhanmondi, 1205 Dhaka"
268,5,Taste Of Home,Snacks,5.0,15.0,"Dhaka, Bangladesh"
269,4,Eataria,Fast Food,9.0,11.0,"Dhaka, Bangladesh"
270,3,Babur Kacchi,Bangladeshi,17.0,3.0,"Dhaka, Bangladesh"
271,4,YOD,Fast Food,13.0,7.0,"Dhaka, Bangladesh"
272,3,Chapsthan,Bangladeshi,17.0,3.0,"Urban Void Food Court, Bashundhara R/A, 1229 Dhaka"
273,4,CafeCyclists,Fast Food,18.0,2.0,"Dhaka, Bangladesh"
274,5,The Garden BBQ and Cafe,Kebab,13.0,7.0,"1/3 block D, road 27, dhanmondi, 1209 Dhaka"
275,5,Freshta Bangladesh,Cafe,7.0,13.0,"Dhaka, Bangladesh"
276,4,BOB-Best of Burger,Fast Food,20.0,0.0,"56/1/A , Monipur 60 fit road ( near by lazz pharma ), Mirpur ,Dhaka, 1216 Dhaka"
277,3,Alomgir Hotel and Restaurant,Bangladeshi,19.0,1.0,"Dhaka, Bangladesh"
278,5,Lopa's Cuisine,Chinese,15.0,5.0,"Dhaka, Bangladesh"
279,3,My Kitchen,Bangladeshi,1.0,19.0,"Dhaka, Bangladesh"
280,5,Daniyal Food & Cafe,Chinese,10.0,10.0,"Dhaka, Bangladesh"
281,4,Oasis - Ring Road,Fast Food,8.0,12.0,"Sahabuddin Plaza, Ring Road, Mohammadpur, Dhaka 1207, 1207 Dhaka"
282,4,Meaty Affair,Fast Food,16.0,4.0,"Y/17, Rajia Sultana Road, Mohammadpur, Dhaka, 1207 Dhaka"
283,9,Dada Khan Kacchi,Biryani,14.0,6.0,"Dhaka, Bangladesh"
284,5,Unicafe Restaurant and Fun - Panthapath,Cafe,9.0,11.0,"21/3, Near of Square hospital, Upstair of Shawapno, Panthapath, Dhaka - 1215, 1215 Dhaka"
285,5,Tiger Tiger Cafe & Restaurant,Chinese,11.0,9.0,"Dhaka, Bangladesh"
286,5,Dhaka Biryani House - Mirpur 12,Rice Dishes,6.0,14.0,"Dhaka, Bangladesh"
287,3,Kashbon Restora,Bangladeshi,10.0,10.0,"Dhaka, Bangladesh"
288,4,Burn Well - Baily Road,Fast Food,1.0,19.0,"Dhaka, Bangladesh"
289,4,Fuiyoh - Moghbazar,Fast Food,5.0,15.0,"Dhaka, Bangladesh"
290,3,Tangail Chomchom Ghor,Bangladeshi,13.0,7.0,"Dhaka, Bangladesh"
291,3,SalmaÃ¢â‚¬â„¢s Home Kitchen,Bangladeshi,,,
292,5,New Shad Biriyani House - Mohakhali,Rice Dishes,3.0,17.0,"Dhaka, Bangladesh"
293,3,Aaate Achar,Bangladeshi,19.0,1.0,"Dhaka, Bangladesh"
294,3,Bhorta Bhat kitchen,Bangladeshi,8.0,12.0,"B. Baria Bakery, Basabo Bazar Road, Basabo Madartek Road, Beside Family Cemetry, 1214 Dhaka"
295,4,Halima's Kitchen,Fast Food,13.0,7.0,"Milk Vita Sales Centre, House D-14D, Arambagh, Mirpur, 1216 Dhaka"
296,5,Meena Sweets - Khilgaon,Dessert,7.0,13.0,"Dhaka, Bangladesh"
297,5,Vintage Bake & Cafe - Bangla Motor,Cafe,18.0,2.0,"25,26,27 Kazi Nazrul Islam Avenue,Bangla Motor,Dhaka -1000, 1000 Dhaka"
298,5,Rajib Jilapi Bhandar,Dessert,11.0,9.0,"Dhaka, Bangladesh"
299,5,Mokja,Beverage,15.0,5.0,"Dhaka, Bangladesh"
300,5,Ruma Kitchen,Curry,16.0,4.0,"Dhaka, Bangladesh"
301,3,Diamond Hotel,Bangladeshi,5.0,15.0,"285 West Dhanmondi, Road 8/A, 1205 Dhaka"
302,3,Hawlader Biriyani House- 2,Bangladeshi,16.0,4.0,"Dhaka, Bangladesh"
303,4,Dhaka Food Hub,Fast Food,9.0,11.0,"Dhaka, Bangladesh"
304,4,Lubna's Kitchen,Fast Food,19.0,1.0,"Dhaka, Bangladesh"
305,3,Bangla Kitchen,Bangladeshi,5.0,15.0,"Dhaka, Bangladesh"
306,4,AG Food- Lalmatia,Fast Food,12.0,8.0,"Dhaka, Bangladesh"
307,3,S&S Cuisineurs,Bangladeshi,20.0,0.0,"Dhaka, Bangladesh"
308,5,Oriha's Home Kitchen,Snacks,11.0,9.0,"Dhaka, Bangladesh"
309,3,Haji Nanna Biryani - Mirpur 6,Bangladeshi,6.0,14.0,"Dhaka, Bangladesh"
310,3,Evergreen Ghorowa Kitchen,Bangladeshi,1.0,19.0,"Dhaka, Bangladesh"
311,4,Ar Razzak Home Made Food & Beverage,Fast Food,11.0,9.0,"Dhaka, Bangladesh"
312,5,Ritu's Kitchen,Snacks,7.0,13.0,"Dhaka, Bangladesh"
313,5,Lake View Food & Snacks,Asian,15.0,5.0,"Dhaka, Bangladesh"
314,4,Salt n Pepper - Bashundhara,Fast Food,9.0,11.0,"Plot No. 100, Road No. 2, Block A, Bashundhara, Dhaka, 1229 Dhaka"
315,5,Kettle,Cafe,12.0,8.0,"Dhaka, Bangladesh"
316,4,Shawarma Point,Fast Food,4.0,16.0,"Dhaka, Bangladesh"
317,4,Proti Bite A Mangsho,Fast Food,12.0,8.0,"Dhaka, Bangladesh"
318,4,LFC,Fast Food,8.0,12.0,"Dhaka, Bangladesh"
319,4,Cafe Chapter 14,Fast Food,19.0,1.0,"19 A/ B 2nd Colony, Mazar Road, Mirpur-1, 1216 Dhaka"
320,3,Food Palace - Mirpur -12,Bangladeshi,15.0,5.0,"Dhaka, Bangladesh"
321,3,Jolly's Kitchen,Bangladeshi,4.0,16.0,"Jatiyo Mohila Sangstha,145, New Baily Rd, Dhaka 1000, 1000 Dhaka"
322,5,Al-Amin Spicy Kebab,Kebab,14.0,6.0,"Dhaka, Bangladesh"
323,5,Delicious Pizza - Bashundhara,Italian,14.0,6.0,"Dhaka, Bangladesh"
324,3,Pagla Baburchi - Pandago,Bangladeshi,3.0,17.0,"Dhaka, Bangladesh"
325,4,Wish Food,Fast Food,14.0,6.0,"Dhaka, Bangladesh"
326,7,Shaad Fuchka,Indian,1.0,19.0,"Opposite of Car Selection, Road No: 111, Gulshan- 2, 1212 Dhaka"
327,7,SNACKS TOWN,Indian,19.0,1.0,"Shahid Abdul Aziz road, 2nd gali, ma villa, 1229 Dhaka"
328,4,Frenchie's - Gulshan,Fast Food,15.0,5.0,"Dhaka, Bangladesh"
329,4,Subah Restaurant - Days Hotel,Fast Food,8.0,12.0,"Dhaka, Bangladesh"
330,4,Rocking Chef,Fast Food,19.0,1.0,"Dhaka, Bangladesh"
331,3,Orthir Henshel,Bangladeshi,16.0,4.0,"Dhaka, Bangladesh"
332,3,Maharaja,Bangladeshi,12.0,8.0,"Dhaka, Bangladesh"
333,5,Burger Hut,Burgers,11.0,9.0,"Dhaka, Bangladesh"
334,3,Bhorta Bari,Bangladeshi,3.0,17.0,"Dhaka, Bangladesh"
335,4,Amber Cafe,Fast Food,19.0,1.0,"Dhaka, Bangladesh"
336,5,Food Fest,Snacks,4.0,16.0,"Dhaka, Bangladesh"
337,5,Burger Venue BD,Burgers,20.0,0.0,"Dhaka, Bangladesh"
338,5,Dragon Bowl - Superkitch,Asian,17.0,3.0,"84/a, 84/b, Block-E, Dhali Food Court, Bashundhara r/a, Vatara, 1229 Dhaka"
339,3,Janani Restora,Bangladeshi,1.0,19.0,"Dhaka, Bangladesh"
340,3,Chandni 's Kitchen,Bangladeshi,15.0,5.0,"Dhaka, Bangladesh"
341,3,Shoykot Hotel & Biryani House,Bangladeshi,16.0,4.0,"Dhaka, Bangladesh"
342,5,JabeenÃ¢â‚¬â„¢s Snacks n Bakes,Snacks,,,
343,2,PizzaMo,Pizza,6.0,14.0,"Dhaka, Bangladesh"
344,3,Polly's Kitchen,Bangladeshi,9.0,11.0,"Dhaka, Bangladesh"
345,3,Clock House - pandago,Bangladeshi,8.0,12.0,"Dhaka, Bangladesh"
346,9,Tehari Avenue,Biryani,3.0,17.0,"House 6, Road 23/A, Ground floor of new sub post office, Gulshan-01, Dhaka, 1212 Dhaka"
347,5,Urmi's Sweet & Spice Touch,Dessert,2.0,18.0,"Dhaka, Bangladesh"
348,3,Shah Jalal Shah Poran Restora,Bangladeshi,7.0,13.0,"Dhaka, Bangladesh"
349,5,Fuska Gang,Chotpoti & Fuchka,9.0,11.0,"road no.10,lake side,front of panshi community center,kalabagan,Dhanmondi dhaka 1205, 1209 Dhaka"
350,5,Pizza Party,Italian,4.0,16.0,"road no.10,lake side,front of panshi community center,kalabagan,Dhanmondi dhaka 1205, 1209 Dhaka"
351,4,Burger n' Broast - Khilgaon,Fast Food,2.0,18.0,"Dhaka, Bangladesh"
352,5,Meaty Meaty,Snacks,16.0,4.0,"Dhaka, Bangladesh"
353,4,Noni's Kitchen,Fast Food,10.0,10.0,"Dhaka, Bangladesh"
354,3,BFC (Best Fried Chicken) - Orchid Plaza (Engaze AI) - pandago,Bangladeshi,16.0,4.0,"Dhaka, Bangladesh"
355,4,More Than Coffee,Fast Food,16.0,4.0,"41/1, Sara Belayet Tower, Shere Bangla Road, Katashur, Mohammadpur, Dhaka - 1207, 1207 Dhaka"
356,5,Wow Momo,Snacks,2.0,18.0,"CSD, Baridhara DOHS, Road 5, 1212 Dhaka"
357,5,Ayesha's Kitchen,Snacks,18.0,2.0,"Dhaka, Bangladesh"
358,3,New Maloncho Restora - Kalabagan,Bangladeshi,15.0,5.0,"31/2 Kalabagan(1st floor) 1st lane, Kalabagan dhaka 1205, 1205 Dhaka"
359,4,Tiffin Station,Fast Food,4.0,16.0,"Dhaka, Bangladesh"
360,4,Cox's Bazar Fuchka Mela,Fast Food,6.0,14.0,"Dhaka, Bangladesh"
361,5,Burger Junction,Burgers,9.0,11.0,"Dhaka, Bangladesh"
362,5,Man Mo,Asian,2.0,18.0,"House - 6/a, Road, 113, Gulshan - 2, 1212 Dhaka"
363,3,Bhorta Ghor - Mirpur,Bangladeshi,13.0,7.0,"Block - E , line-3 , house- 63 near Zarif International school kalshi mirpur Dhaka 1216, 1216 Dhaka"
364,5,Thai Chai,Chinese,11.0,9.0,"Dhaka, Bangladesh"
365,3,Proshmoni Hotel & restaurant,Bangladeshi,4.0,16.0,"Dhaka, Bangladesh"
366,4,Food In,Fast Food,15.0,5.0,"Dhaka, Bangladesh"
367,3,The Kitchen Express,Bangladeshi,8.0,12.0,"Dhaka, Bangladesh"
368,5,Vitale Restaurant & Party Center,Asian,3.0,17.0,"Dhaka, Bangladesh"
369,5,China101,Thai,16.0,4.0,"House no-101, Road no-13/A, Block C, Banani, Dhaka, 1213 Dhaka"
370,5,Khaosan Calling,Thai,19.0,1.0,"Dhaka, Bangladesh"
371,4,Making Home Food,Fast Food,10.0,10.0,"Dhaka, Bangladesh"
372,4,Roaster Cafe,Fast Food,8.0,12.0,"Al Madina Palace, Shop No: 3-4, 31/1, Baily Road, Dhaka, 1000 Dhaka"
373,4,La Bamba Dhanmondi,Fast Food,2.0,18.0,"Jobeda Complex, House No. 99, Road No.11/A, Shatmosjid Road, Dhanmondi, Dhaka, 1205 Dhaka"
374,5,Spice Factory,Asian,18.0,2.0,"Dhaka, Bangladesh"
375,4,Fresh Pickles,Fast Food,6.0,14.0,"Dhaka, Bangladesh"
376,5,Bakery Bits,Snacks,8.0,12.0,"House : 18 , Road number:1 Chaad Uddan road, Mohammadpur, 1207 Dhaka"
377,4,O' Pizza,Fast Food,13.0,7.0,"Dhaka, Bangladesh"
378,4,Scam Chef - Bashundhara,Fast Food,15.0,5.0,"Dhaka, Bangladesh"
379,4,Food Land,Fast Food,18.0,2.0,"Dhaka, Bangladesh"
380,5,Hungry Rooster - Dhanmondi,Fried Chicken,5.0,15.0,"Dhaka, Bangladesh"
381,3,Bushra Biryani House,Bangladeshi,7.0,13.0,"House: 97, Road : 4, Block :F , journalist residential area, Mirpur 11,dhaka 1216 (near Masjidul Faruq), 1216 Dhaka"
382,3,Abid's Catering,Bangladeshi,10.0,10.0,"Dhaka, Bangladesh"
383,3,Ila's Food Launch,Bangladeshi,18.0,2.0,"Dhaka, Bangladesh"
384,5,Mayer Ranna Ghor,Snacks,12.0,8.0,"Dhaka, Bangladesh"
385,3,Poli's Kitchen,Bangladeshi,19.0,1.0,"Dhaka, Bangladesh"
386,5,Cake Ghor,Dessert,17.0,3.0,"Dhaka, Bangladesh"
387,5,Lone Star Steakhouse,Steak,11.0,9.0,"2nd Floor, House No 99, Road No 11/A, Satmasjid Road, Dhaka 1209, 1209 Dhaka"
388,3,Mayer Doya Biryani House - Boundary Road,Bangladeshi,15.0,5.0,"Dhaka, Bangladesh"
